Tienda,Costo de envío
Tienda 1,26018.60958033065
Tienda 2,25216.235693090293
Tienda 3,24805.680373039424
Tienda 4,23459.457167090754
