Tienda,Calificación
Tienda 1,3.976685036032217
Tienda 2,4.037303942348453
Tienda 3,4.048325561678677
Tienda 4,3.9957591178965224
